composite_bin,n,hit_rate
<4.5,20.0,0.4
4.5-5.0,36.0,0.19444444444444445
5.0-5.5,31.0,0.3225806451612903
>=5.5,3.0,0.6666666666666666
