component,n,hit_rate
all,120,0.36666666666666664
weekly_top5,90,0.3
pro30,31,0.5483870967741935
movers,0,
